CREATE DATABASE  IF NOT EXISTS `college_mgmt` /*!40100 DEFAULT CHARACTER SET utf8mb4 COLLATE utf8mb4_0900_ai_ci */ /*!80016 DEFAULT ENCRYPTION='N' */;
USE `college_mgmt`;
-- MySQL dump 10.13  Distrib 8.0.28, for Win64 (x86_64)
--
-- Host: 13.235.68.21    Database: college_mgmt
-- ------------------------------------------------------
-- Server version	8.0.30-0ubuntu0.22.04.1

/*!40101 SET @OLD_CHARACTER_SET_CLIENT=@@CHARACTER_SET_CLIENT */;
/*!40101 SET @OLD_CHARACTER_SET_RESULTS=@@CHARACTER_SET_RESULTS */;
/*!40101 SET @OLD_COLLATION_CONNECTION=@@COLLATION_CONNECTION */;
/*!50503 SET NAMES utf8 */;
/*!40103 SET @OLD_TIME_ZONE=@@TIME_ZONE */;
/*!40103 SET TIME_ZONE='+00:00' */;
/*!40014 SET @OLD_UNIQUE_CHECKS=@@UNIQUE_CHECKS, UNIQUE_CHECKS=0 */;
/*!40014 SET @OLD_FOREIGN_KEY_CHECKS=@@FOREIGN_KEY_CHECKS, FOREIGN_KEY_CHECKS=0 */;
/*!40101 SET @OLD_SQL_MODE=@@SQL_MODE, SQL_MODE='NO_AUTO_VALUE_ON_ZERO' */;
/*!40111 SET @OLD_SQL_NOTES=@@SQL_NOTES, SQL_NOTES=0 */;

--
-- Table structure for table `tbl_college`
--

DROP TABLE IF EXISTS `tbl_college`;
/*!40101 SET @saved_cs_client     = @@character_set_client */;
/*!50503 SET character_set_client = utf8mb4 */;
CREATE TABLE `tbl_college` (
  `college_id` int NOT NULL AUTO_INCREMENT,
  `collegename` varchar(200) NOT NULL,
  `branch` varchar(200) NOT NULL,
  PRIMARY KEY (`college_id`)
) ENGINE=InnoDB AUTO_INCREMENT=33 DEFAULT CHARSET=latin1;
/*!40101 SET character_set_client = @saved_cs_client */;

--
-- Dumping data for table `tbl_college`
--

LOCK TABLES `tbl_college` WRITE;
/*!40000 ALTER TABLE `tbl_college` DISABLE KEYS */;
INSERT INTO `tbl_college` VALUES (1,'Test College 1','Test College 1 Branch 1'),(2,'Test College 2','Test College 2 Branch 1'),(3,'Test College 3','Test College 3 Branch 1'),(4,'Test College 4','Test College 4 Branch 1'),(5,'Test College 5','Test College 5 Branch 1'),(6,'Test College 6','Test College 6 Branch 1'),(7,'Test College 7','Test College 7 Branch 1'),(8,'Test College 8','Test College 8 Branch 1'),(9,'Test College 9','Test College 9 Branch 1'),(10,'Test College 10','Test College 10 Branch 1'),(11,'Shankha_College_1','Shankha_Branch_1'),(12,'Karthik Cloud Institute','Karthik Cloud '),(13,'JitCollege','B.Com'),(14,'Shankha_College_2','Shankha_Branch_2'),(15,'TINT','MCA'),(16,'Vinay_College','Vinay_Branch'),(17,'Bhakti_College_1','Electronics'),(18,'Bhakti_College_2','Computer Science'),(19,'College_SD','Pune'),(20,'JSPM Technical Campus','Civil Engineering'),(21,'PREC','Pune'),(22,'Simarjeet_College','Home_Branch'),(23,'Udit_TestCollege1','CS'),(24,'College ','ABC'),(25,'JDIET','Computers'),(26,'College_Harshitha','Computer'),(27,'Ashi_1','Computer'),(28,'Mithali','RTY'),(29,'Ashi_2','IT'),(30,'GNIT','CSE'),(31,'Jayant_College','CSE'),(32,'Ashi_1','Computer');
/*!40000 ALTER TABLE `tbl_college` ENABLE KEYS */;
UNLOCK TABLES;

--
-- Table structure for table `tbl_roles`
--

DROP TABLE IF EXISTS `tbl_roles`;
/*!40101 SET @saved_cs_client     = @@character_set_client */;
/*!50503 SET character_set_client = utf8mb4 */;
CREATE TABLE `tbl_roles` (
  `role_id` int NOT NULL AUTO_INCREMENT,
  `rolename` varchar(100) NOT NULL,
  PRIMARY KEY (`role_id`)
) ENGINE=InnoDB AUTO_INCREMENT=3 DEFAULT CHARSET=latin1;
/*!40101 SET character_set_client = @saved_cs_client */;

--
-- Dumping data for table `tbl_roles`
--

LOCK TABLES `tbl_roles` WRITE;
/*!40000 ALTER TABLE `tbl_roles` DISABLE KEYS */;
INSERT INTO `tbl_roles` VALUES (1,'Admin'),(2,'Co Admin');
/*!40000 ALTER TABLE `tbl_roles` ENABLE KEYS */;
UNLOCK TABLES;

--
-- Table structure for table `tbl_student`
--

DROP TABLE IF EXISTS `tbl_student`;
/*!40101 SET @saved_cs_client     = @@character_set_client */;
/*!50503 SET character_set_client = utf8mb4 */;
CREATE TABLE `tbl_student` (
  `id` int NOT NULL AUTO_INCREMENT,
  `studentname` varchar(200) NOT NULL,
  `college_id` int NOT NULL,
  `gender` varchar(200) NOT NULL,
  `email` varchar(200) NOT NULL,
  `course` varchar(200) NOT NULL,
  PRIMARY KEY (`id`)
) ENGINE=InnoDB AUTO_INCREMENT=74 DEFAULT CHARSET=latin1;
/*!40101 SET character_set_client = @saved_cs_client */;

--
-- Dumping data for table `tbl_student`
--

LOCK TABLES `tbl_student` WRITE;
/*!40000 ALTER TABLE `tbl_student` DISABLE KEYS */;
INSERT INTO `tbl_student` VALUES (1,'Jit College 1 Student 1',1,'Male','student1_1@demo.com','B. A'),(2,'College 1 Student 2',1,'Female','student1_2@demo.com','B. Tech'),(3,'College 1 Student 3',1,'Male','student1_3@demo.com','B. Com'),(4,'College 1 Student 4',1,'Female','student1_4@demo.com','B. A'),(5,'College 1 Student 5',1,'Male','student1_5@demo.com','B. Tech'),(6,'Shankha_College _1_Student 6',11,'Female','student1_6@demo.com','B. Com'),(7,'College 1 Student 7',1,'Male','student1_7@demo.com','B. A'),(8,'College 1 Student 8',1,'Female','student1_8@demo.com','B. Tech'),(9,'College 1 Student 90',1,'Male','student1_9@demo.com','B. Com'),(10,'College 1 Student 10',1,'Female','student1_10@demo.com','B. A'),(11,'College 2 Student 1',2,'male','student2_1@demo.com','B. Tech'),(12,'College 2 Student 2',2,'Female','student2_2@demo.com','B. Com'),(13,'College 2 Student 3',2,'Male','student2_3@demo.com','B. A'),(14,'College 2 Student 4',2,'Female','student2_4@demo.com','B. Tech'),(15,'College 2 Student 5',2,'Male','student2_5@demo.com','B. Com'),(16,'College 2 Student 6',2,'Female','student2_6@demo.com','B. A'),(17,'College 2 Student 7',2,'Male','student2_7@demo.com','B. Tech'),(18,'College 2 Student 8',2,'Female','student2_8@demo.com','B. Com'),(19,'College 2 Student 9',2,'Male','student2_9@demo.com','B. A'),(20,'College 2 Student 10',2,'Female','student2_10@demo.com','B. Tech'),(21,'College 3 Student 1',3,'Male','student3_1@demo.com','B. Com'),(22,'College 3 Student 2',3,'Female','student3_2@demo.com','B. A'),(23,'College 3 Student 3',3,'Male','student3_3@demo.com','B. Tech'),(24,'College 3 Student 4',3,'Female','student3_4@demo.com','B. Com'),(25,'College 3 Student 5',3,'Male','student3_5@demo.com','B. A'),(26,'College 3 Student 6',3,'Female','student3_6@demo.com','B. Tech'),(27,'College 3 Student 7',3,'Male','student3_7@demo.com','B. Com'),(28,'College 3 Student 8',3,'Female','student3_8@demo.com','B. A'),(29,'College 3 Student 9',3,'Male','student3_9@demo.com','B. Tech'),(30,'College 3 Student 10',3,'Female','student3_10@demo.com','B. Com'),(31,'College 4 Student 1',4,'Male','student4_1@demo.com','B. A'),(32,'College 4 Student 2',4,'Female','student4_2@demo.com','B. Tech'),(33,'College 4 Student 3',4,'Male','student4_3@demo.com','B. Com'),(34,'College 4 Student 4',4,'Female','student4_4@demo.com','B. A'),(35,'College 4 Student 5',4,'Male','student4_5@demo.com','B. Tech'),(36,'College 4 Student 6',4,'Female','student4_6@demo.com','B. Com'),(37,'College 4 Student 7',4,'Male','student4_7@demo.com','B. A'),(38,'College 4 Student 8',4,'Female','student4_8@demo.com','B. Tech'),(39,'College 4 Student 9',4,'Male','student4_9@demo.com','B. Com'),(40,'College 4 Student 10',4,'Female','student4_10@demo.com','B. A'),(41,'College 5 Student 1',5,'Male','student5_1@demo.com','B. Tech'),(42,'College 5 Student 2',5,'Female','student5_2@demo.com','B. Com'),(43,'College 5 Student 3',5,'Male','student5_3@demo.com','B. A'),(44,'College 5 Student 4',5,'Female','student5_4@demo.com','B. Tech'),(45,'College 5 Student 5',5,'Male','student5_5@demo.com','B. Com'),(46,'College 5 Student 6',5,'Female','student5_6@demo.com','B. A'),(47,'College 5 Student 7',5,'Male','student5_7@demo.com','B. Tech'),(48,'College 5 Student 8',5,'Female','student5_8@demo.com','B. Com'),(49,'College 5 Student 9',5,'Male','student5_9@demo.com','B. A'),(50,'College 5 Student 10',5,'Female','student5_10@demo.com','B. Tech'),(51,'Shankha_Stud_1',11,'male','Shankha_Stud_1@demo.com','Course_1'),(52,'Karthik Student',12,'male','karthik_student@email.com','Cloud Migration'),(54,'Shankha_Stud_2',14,'male','stud2@demo.com','Course_2'),(55,'Student_SD',2,'female','student_sd@gmail.com','CSE'),(56,'Sayan',15,'male','test@test.com','MCA'),(57,'Student_Sreejita',19,'female','studentsd2@gmail.com','CSE'),(58,'vinay_student1',16,'female','vinaystudent1@demo.com','VerityCloudtraining1'),(59,'Amar',20,'male','aljspm@gmail.com','Civil Engineering'),(60,'Bhakti_Student_1',17,'female','moderator1_1@demo.com','Electronics'),(61,'priyanka',1,'female','moderator1_1@demo.com','Maths'),(62,'Bhakti_Student_2',17,'female','moderator1_1@demo.com','Computer Science'),(63,'John',21,'male','john_sanders@prec.com','Computer Science'),(64,'Mia',21,'female','Mia_john@prec.com','Medical'),(65,'Rajesh',21,'male','rajesh.vaidya@prec.com','Home Science'),(66,'Simarjeet',22,'male','simar@college.com','PHD'),(67,'priyankaD',25,'female','priyankaD@abc.com','M.E.'),(68,'student_Harshitha',26,'female','moderator1_1@demo.com','Computer'),(69,'VINAY_STUDENT2',16,'male','VINAY2@demo.com','CLOUDTESTING'),(70,'TestStudent12',23,'female','test.student@demo.com','Computers'),(71,'HU',3,'male','nsjs@fsghs.com','TY'),(72,'Jayant',31,'male','mail1@mail.com','Btech'),(73,'Ashish',27,'male','ashiagrawal1999@gmail.com','it');
/*!40000 ALTER TABLE `tbl_student` ENABLE KEYS */;
UNLOCK TABLES;

--
-- Table structure for table `tbl_users`
--

DROP TABLE IF EXISTS `tbl_users`;
/*!40101 SET @saved_cs_client     = @@character_set_client */;
/*!50503 SET character_set_client = utf8mb4 */;
CREATE TABLE `tbl_users` (
  `user_id` int NOT NULL AUTO_INCREMENT,
  `username` varchar(255) NOT NULL,
  `college_id` int NOT NULL,
  `email` varchar(255) NOT NULL,
  `gender` varchar(255) NOT NULL,
  `role_id` int NOT NULL,
  `password` varchar(255) NOT NULL,
  `confpwd` varchar(255) NOT NULL,
  PRIMARY KEY (`user_id`)
) ENGINE=InnoDB AUTO_INCREMENT=40 DEFAULT CHARSET=latin1;
/*!40101 SET character_set_client = @saved_cs_client */;

--
-- Dumping data for table `tbl_users`
--

LOCK TABLES `tbl_users` WRITE;
/*!40000 ALTER TABLE `tbl_users` DISABLE KEYS */;
INSERT INTO `tbl_users` VALUES (1,'Moderator 1 College 1',1,'moderator1_1@demo.com','Male',1,'7c4a8d09ca3762af61e59520943dc26494f8941b','7c4a8d09ca3762af61e59520943dc26494f8941b'),(2,'Moderator 1 College 2',2,'moderator1_2@demo.com','Female',1,'7c4a8d09ca3762af61e59520943dc26494f8941b','7c4a8d09ca3762af61e59520943dc26494f8941b'),(3,'Moderator 1 College 3',3,'moderator1_3@demo.com','Male',1,'7c4a8d09ca3762af61e59520943dc26494f8941b','7c4a8d09ca3762af61e59520943dc26494f8941b'),(4,'Moderator 1 College 4',4,'moderator1_4@demo.com','Female',1,'7c4a8d09ca3762af61e59520943dc26494f8941b','7c4a8d09ca3762af61e59520943dc26494f8941b'),(5,'Moderator 1 College 5',5,'moderator1_5@demo.com','Male',1,'7c4a8d09ca3762af61e59520943dc26494f8941b','7c4a8d09ca3762af61e59520943dc26494f8941b'),(6,'Moderator 1 College 6',6,'moderator1_6@demo.com','Female',1,'7c4a8d09ca3762af61e59520943dc26494f8941b','7c4a8d09ca3762af61e59520943dc26494f8941b'),(7,'Moderator 1 College 7',7,'moderator1_7@demo.com','Male',1,'7c4a8d09ca3762af61e59520943dc26494f8941b','7c4a8d09ca3762af61e59520943dc26494f8941b'),(8,'Moderator 1 College 8',8,'moderator1_8@demo.com','Female',1,'7c4a8d09ca3762af61e59520943dc26494f8941b','7c4a8d09ca3762af61e59520943dc26494f8941b'),(9,'Moderator 1 College 9',9,'moderator1_9@demo.com','Male',1,'7c4a8d09ca3762af61e59520943dc26494f8941b','7c4a8d09ca3762af61e59520943dc26494f8941b'),(10,'Moderator 1 College 10',10,'moderator1_10@demo.com','Female',1,'7c4a8d09ca3762af61e59520943dc26494f8941b','7c4a8d09ca3762af61e59520943dc26494f8941b'),(11,'Moderator 2 College 1',1,'moderator2_1@demo.com','Male',2,'7c4a8d09ca3762af61e59520943dc26494f8941b','7c4a8d09ca3762af61e59520943dc26494f8941b'),(12,'Moderator 2 College 2',2,'moderator2_2@demo.com','Female',2,'7c4a8d09ca3762af61e59520943dc26494f8941b','7c4a8d09ca3762af61e59520943dc26494f8941b'),(13,'Moderator 2 College 3',3,'moderator2_3@demo.com','Male',2,'7c4a8d09ca3762af61e59520943dc26494f8941b','7c4a8d09ca3762af61e59520943dc26494f8941b'),(14,'Moderator 2 College 4',4,'moderator2_4@demo.com','Female',2,'7c4a8d09ca3762af61e59520943dc26494f8941b','7c4a8d09ca3762af61e59520943dc26494f8941b'),(15,'Moderator 2 College 5',5,'moderator2_5@demo.com','Male',2,'7c4a8d09ca3762af61e59520943dc26494f8941b','7c4a8d09ca3762af61e59520943dc26494f8941b'),(16,'Moderator 2 College 6',6,'moderator2_6@demo.com','Female',2,'7c4a8d09ca3762af61e59520943dc26494f8941b','7c4a8d09ca3762af61e59520943dc26494f8941b'),(17,'Moderator 2 College 7',7,'moderator2_7@demo.com','Male',2,'7c4a8d09ca3762af61e59520943dc26494f8941b','7c4a8d09ca3762af61e59520943dc26494f8941b'),(18,'Moderator 2 College 8',8,'moderator2_8@demo.com','Female',2,'7c4a8d09ca3762af61e59520943dc26494f8941b','7c4a8d09ca3762af61e59520943dc26494f8941b'),(19,'Moderator 2 College 9',9,'moderator2_9@demo.com','Male',2,'7c4a8d09ca3762af61e59520943dc26494f8941b','7c4a8d09ca3762af61e59520943dc26494f8941b'),(20,'Moderator 2 College 10',10,'moderator2_10@demo.com','Female',2,'7c4a8d09ca3762af61e59520943dc26494f8941b','7c4a8d09ca3762af61e59520943dc26494f8941b'),(21,'Jiten',1,'cool.jiten@gmail.com','male',1,'4eba99fd9d0f5fb8100e9af11d42cfe2d11f9edf','4eba99fd9d0f5fb8100e9af11d42cfe2d11f9edf'),(22,'Shankha_User_1',11,'moderator1_1@demo.com','male',1,'7288edd0fc3ffcbe93a0cf06e3568e28521687bc','7288edd0fc3ffcbe93a0cf06e3568e28521687bc'),(23,'karthik_cloud_admin',12,'karthik@cloud.com','male',1,'7c4a8d09ca3762af61e59520943dc26494f8941b','7c4a8d09ca3762af61e59520943dc26494f8941b'),(24,'JitMod2',13,'jitMod2@email.com','male',1,'2d7b8061b3a7afcde49d23d957684f79924a2dca','2d7b8061b3a7afcde49d23d957684f79924a2dca'),(25,'Shankha_Mod_2',14,'mod1_1@demo.com','male',2,'cbdbe4936ce8be63184d9f2e13fc249234371b9a','cbdbe4936ce8be63184d9f2e13fc249234371b9a'),(26,'Sayan_G',15,'test@test.com','male',1,'7c222fb2927d828af22f592134e8932480637c0d','7c222fb2927d828af22f592134e8932480637c0d'),(27,'vinaykhare',16,'vinay@demo.com','male',1,'5baa61e4c9b93f3f0682250b6cf8331b7ee68fd8','5baa61e4c9b93f3f0682250b6cf8331b7ee68fd8'),(28,'Mod_SD',19,'modsd@gmail.com','female',1,'7c4a8d09ca3762af61e59520943dc26494f8941b','7c4a8d09ca3762af61e59520943dc26494f8941b'),(29,'moderator1_1@demo.com',17,'moderator1_1@demo.com','female',1,'7c4a8d09ca3762af61e59520943dc26494f8941b','8cb2237d0679ca88db6464eac60da96345513964'),(30,'Chaitanya1',20,'cljspm@gmail.com','male',1,'7c4a8d09ca3762af61e59520943dc26494f8941b','7c4a8d09ca3762af61e59520943dc26494f8941b'),(31,'moderator1_1@demo.com',18,'moderator1_1@demo.com','male',2,'7c4a8d09ca3762af61e59520943dc26494f8941b','8cb2237d0679ca88db6464eac60da96345513964'),(32,'moderator1_1@demo.com',17,'moderator1_1@demo.com','male',2,'7c4a8d09ca3762af61e59520943dc26494f8941b','8cb2237d0679ca88db6464eac60da96345513964'),(33,'paragjagtap20',21,'parag.jagtap@capgemini.com','male',1,'6a5ed3d8e93a4aadb5aa444d40cc57e11eaf12bd','6a5ed3d8e93a4aadb5aa444d40cc57e11eaf12bd'),(34,'Moderator_Harshitha',26,'moderator1_1@demo.com','female',1,'7c4a8d09ca3762af61e59520943dc26494f8941b','7c4a8d09ca3762af61e59520943dc26494f8941b'),(35,'Moderator1',22,'moderator@college','male',1,'4eae83bfe743f7e25f3f52b5b861755c7c14304a','4eae83bfe743f7e25f3f52b5b861755c7c14304a'),(36,'moderator1_1@demo.com',23,'moderator1_1@demo.com','male',1,'7c4a8d09ca3762af61e59520943dc26494f8941b','7c4a8d09ca3762af61e59520943dc26494f8941b'),(37,'ModaratorJDIET',25,'priyankaD@abc.com','female',1,'4e7afebcfbae000b22c7c85e5560f89a2a0280b4','4e7afebcfbae000b22c7c85e5560f89a2a0280b4'),(38,'Username',31,'email@mail.com','male',1,'5baa61e4c9b93f3f0682250b6cf8331b7ee68fd8','5baa61e4c9b93f3f0682250b6cf8331b7ee68fd8'),(39,'Ashi',27,'ashiagrawal1999@gmail.com','female',1,'92ff00ccd9f1a164409ae70381fb6e646876a73a','92ff00ccd9f1a164409ae70381fb6e646876a73a');
/*!40000 ALTER TABLE `tbl_users` ENABLE KEYS */;
UNLOCK TABLES;
/*!40103 SET TIME_ZONE=@OLD_TIME_ZONE */;

/*!40101 SET SQL_MODE=@OLD_SQL_MODE */;
/*!40014 SET FOREIGN_KEY_CHECKS=@OLD_FOREIGN_KEY_CHECKS */;
/*!40014 SET UNIQUE_CHECKS=@OLD_UNIQUE_CHECKS */;
/*!40101 SET CHARACTER_SET_CLIENT=@OLD_CHARACTER_SET_CLIENT */;
/*!40101 SET CHARACTER_SET_RESULTS=@OLD_CHARACTER_SET_RESULTS */;
/*!40101 SET COLLATION_CONNECTION=@OLD_COLLATION_CONNECTION */;
/*!40111 SET SQL_NOTES=@OLD_SQL_NOTES */;

-- Dump completed on 2022-10-17 16:47:57
